{
  "config": {
    "run_name": "exp1_1",
    "out_dir": "./results",
    "seed": 42,
    "device": null,
    "bs_train": 128,
    "bs_test": 32,
    "batches": 100,
    "epochs": 100,
    "early_stopping": 3,
    "checkpoints": null,
    "lr": 0.001,
    "reg": 0.001,
    "filters_per_layer": [
      64
    ],
    "layers_per_block": 4,
    "pool_every": 2,
    "hidden_dims": [
      1024
    ],
    "model_type": "cnn",
    "kw": {}
  },
  "results": {
    "num_epochs": 0,
    "train_loss": [
      1.7083302736282349,
      1.2283313274383545,
      1.051620602607727,
      0.9440100789070129,
      0.865095853805542,
      0.795333206653595,
      0.7373780608177185,
      0.6840556263923645,
      0.6406645178794861,
      0.6009168028831482,
      0.560083270072937,
      0.533642053604126,
      0.5064929127693176,
      0.4713190495967865,
      0.45063382387161255,
      0.4194011688232422,
      0.3883691132068634,
      0.370107501745224
    ],
    "train_acc": [
      35.994,
      55.748,
      62.598,
      66.528,
      69.266,
      71.752,
      74.144,
      75.884,
      77.482,
      78.916,
      80.228,
      81.124,
      82.046,
      83.464,
      84.04,
      85.224,
      86.316,
      86.92
    ],
    "test_loss": [
      1.3911508321762085,
      1.187030553817749,
      1.0328240394592285,
      1.0034537315368652,
      0.8759984970092773,
      0.8241267800331116,
      0.782673716545105,
      0.7555272579193115,
      0.7471041083335876,
      0.7673112154006958,
      0.7127728462219238,
      0.6912280321121216,
      0.6954784393310547,
      0.6849712133407593,
      0.6891266703605652,
      0.6911261081695557,
      0.7313725352287292,
      0.7251881957054138
    ],
    "test_acc": [
      47.92,
      58.15,
      63.0,
      64.56,
      69.54,
      71.31,
      72.88,
      73.53,
      74.21,
      73.12,
      75.31,
      76.08,
      76.49,
      76.69,
      77.25,
      77.1,
      76.14,
      76.51
    ]
  }
}