{
  "config": {
    "run_name": "exp1_4",
    "out_dir": "./results",
    "seed": 42,
    "device": null,
    "bs_train": 128,
    "bs_test": 32,
    "batches": 100,
    "epochs": 100,
    "early_stopping": 3,
    "checkpoints": null,
    "lr": 0.001,
    "reg": 0.001,
    "filters_per_layer": [
      32
    ],
    "layers_per_block": 8,
    "pool_every": 3,
    "hidden_dims": [
      1024
    ],
    "model_type": "resnet",
    "kw": {}
  },
  "results": {
    "num_epochs": 0,
    "train_loss": [
      1.6619737148284912,
      1.2778140306472778,
      1.0893951654434204,
      0.9712690711021423,
      0.876317024230957,
      0.814963698387146,
      0.7563497424125671,
      0.7104585766792297,
      0.6742038726806641,
      0.639807939529419,
      0.6069473624229431,
      0.5804047584533691,
      0.5578387975692749,
      0.5236026644706726,
      0.5014054179191589
    ],
    "train_acc": [
      38.336,
      53.9,
      61.11,
      65.548,
      69.032,
      71.108,
      73.364,
      75.154,
      76.33,
      77.344,
      78.64,
      79.6,
      80.248,
      81.64,
      82.436
    ],
    "test_loss": [
      1.3912323713302612,
      1.1587514877319336,
      1.0192509889602661,
      0.9429519772529602,
      0.9161289930343628,
      0.8286074995994568,
      0.7730787992477417,
      0.773967981338501,
      0.7761213779449463,
      0.7168399095535278,
      0.7142559289932251,
      0.6949464082717896,
      0.6938121318817139,
      0.6852868795394897,
      0.7003291845321655
    ],
    "test_acc": [
      48.99,
      58.22,
      63.73,
      66.97,
      67.97,
      71.1,
      73.28,
      72.87,
      72.7,
      74.74,
      75.07,
      76.24,
      75.71,
      75.84,
      75.44
    ]
  }
}