{
  "config": {
    "run_name": "exp1_1",
    "out_dir": "./results",
    "seed": 42,
    "device": null,
    "bs_train": 128,
    "bs_test": 32,
    "batches": 100,
    "epochs": 100,
    "early_stopping": 3,
    "checkpoints": null,
    "lr": 0.001,
    "reg": 0.001,
    "filters_per_layer": [
      64
    ],
    "layers_per_block": 16,
    "pool_every": 5,
    "hidden_dims": [
      1024
    ],
    "model_type": "cnn",
    "kw": {}
  },
  "results": {
    "num_epochs": 0,
    "train_loss": [
      2.3040335178375244,
      2.3031723499298096,
      2.302844524383545,
      2.3027472496032715
    ],
    "train_acc": [
      9.908,
      9.826,
      9.908,
      10.01
    ],
    "test_loss": [
      2.3028385639190674,
      2.302682638168335,
      2.3026061058044434,
      2.3026585578918457
    ],
    "test_acc": [
      10.0,
      10.0,
      10.0,
      10.0
    ]
  }
}