{
  "config": {
    "run_name": "exp1_1",
    "out_dir": "./results",
    "seed": 42,
    "device": null,
    "bs_train": 128,
    "bs_test": 32,
    "batches": 100,
    "epochs": 100,
    "early_stopping": 3,
    "checkpoints": null,
    "lr": 0.001,
    "reg": 0.001,
    "filters_per_layer": [
      32
    ],
    "layers_per_block": 2,
    "pool_every": 1,
    "hidden_dims": [
      1024
    ],
    "model_type": "cnn",
    "kw": {}
  },
  "results": {
    "num_epochs": 0,
    "train_loss": [
      1.6140297651290894,
      1.290779948234558,
      1.1767538785934448,
      1.0999820232391357,
      1.0430073738098145,
      1.0021950006484985,
      0.958766758441925,
      0.9300599694252014,
      0.9020975828170776,
      0.8702045679092407,
      0.8433575630187988,
      0.8207621574401855,
      0.7961459159851074,
      0.7799434065818787,
      0.7591879963874817,
      0.7454308867454529,
      0.7247620224952698,
      0.7074769139289856,
      0.6932148933410645,
      0.6773464679718018,
      0.6662338972091675,
      0.6584084630012512,
      0.640799343585968,
      0.6257879137992859,
      0.6159251928329468,
      0.6093485355377197,
      0.5906762480735779
    ],
    "train_acc": [
      40.412,
      53.618,
      57.994,
      61.096,
      63.412,
      64.704,
      66.664,
      67.582,
      68.534,
      69.932,
      70.484,
      71.398,
      72.394,
      72.836,
      73.666,
      74.112,
      74.84,
      75.536,
      76.058,
      76.57,
      76.916,
      77.216,
      77.816,
      78.408,
      78.83,
      79.006,
      79.576
    ],
    "test_loss": [
      1.344783902168274,
      1.2269093990325928,
      1.125969648361206,
      1.0792105197906494,
      1.0197402238845825,
      1.0243028402328491,
      0.9840120673179626,
      0.9502376914024353,
      0.9341275691986084,
      0.8856742978096008,
      0.9616564512252808,
      0.8783929944038391,
      0.8877646327018738,
      0.8319380283355713,
      0.9318403005599976,
      0.8140506744384766,
      0.8088243007659912,
      0.8077019453048706,
      0.7977271676063538,
      0.7809264659881592,
      0.8028828501701355,
      0.7908365726470947,
      0.768416166305542,
      0.765109658241272,
      0.7803874611854553,
      0.7769424319267273,
      0.7733094096183777
    ],
    "test_acc": [
      52.04,
      55.97,
      60.03,
      62.27,
      64.64,
      63.94,
      65.96,
      67.33,
      67.62,
      69.53,
      66.61,
      69.75,
      69.11,
      71.65,
      67.83,
      72.1,
      72.66,
      72.12,
      72.18,
      73.6,
      72.54,
      73.19,
      74.17,
      74.39,
      73.41,
      73.46,
      73.7
    ]
  }
}