{
  "config": {
    "run_name": "exp1_2",
    "out_dir": "./results",
    "seed": 42,
    "device": null,
    "bs_train": 128,
    "bs_test": 32,
    "batches": 100,
    "epochs": 100,
    "early_stopping": 3,
    "checkpoints": null,
    "lr": 0.001,
    "reg": 0.001,
    "filters_per_layer": [
      32
    ],
    "layers_per_block": 8,
    "pool_every": 16,
    "hidden_dims": [
      1024
    ],
    "model_type": "cnn",
    "kw": {}
  },
  "results": {
    "num_epochs": 0,
    "train_loss": [
      1.9169436693191528,
      1.5748623609542847,
      1.4010074138641357,
      1.265952229499817,
      1.1685720682144165,
      1.0950568914413452,
      1.0212688446044922,
      0.9630692005157471,
      0.9001420140266418,
      0.8222301602363586,
      0.75099116563797,
      0.6696467995643616
    ],
    "train_acc": [
      29.592,
      43.09,
      49.102,
      54.592,
      58.418,
      60.808,
      63.544,
      65.622,
      67.726,
      70.55,
      72.878,
      75.852
    ],
    "test_loss": [
      1.6399502754211426,
      1.492098093032837,
      1.3443368673324585,
      1.2556341886520386,
      1.2138526439666748,
      1.1743749380111694,
      1.1608437299728394,
      1.152044415473938,
      1.1263937950134277,
      1.2017159461975098,
      1.2468247413635254,
      1.299682378768921
    ],
    "test_acc": [
      40.87,
      46.81,
      51.13,
      54.97,
      56.2,
      57.91,
      58.75,
      59.01,
      59.93,
      57.62,
      58.2,
      56.5
    ]
  }
}