{
  "config": {
    "run_name": "exp1_4",
    "out_dir": "./results",
    "seed": 42,
    "device": null,
    "bs_train": 128,
    "bs_test": 32,
    "batches": 100,
    "epochs": 100,
    "early_stopping": 3,
    "checkpoints": null,
    "lr": 0.001,
    "reg": 0.001,
    "filters_per_layer": [
      32
    ],
    "layers_per_block": 16,
    "pool_every": 5,
    "hidden_dims": [
      1024
    ],
    "model_type": "resnet",
    "kw": {}
  },
  "results": {
    "num_epochs": 0,
    "train_loss": [
      1.8558467626571655,
      1.5315947532653809,
      1.377153754234314,
      1.2637661695480347,
      1.166632056236267,
      1.0781689882278442,
      1.0126726627349854,
      0.9596575498580933,
      0.9073767066001892,
      0.8628154397010803,
      0.8347477912902832,
      0.803035318851471,
      0.7755319476127625,
      0.7534436583518982,
      0.7366767525672913,
      0.7162231206893921,
      0.6961255669593811,
      0.6826162338256836,
      0.6665871143341064,
      0.6529826521873474,
      0.6384904980659485,
      0.6222276091575623,
      0.6185599565505981,
      0.6050124764442444
    ],
    "train_acc": [
      30.856,
      43.59,
      50.052,
      54.364,
      57.978,
      61.244,
      63.958,
      65.724,
      68.014,
      69.274,
      70.408,
      71.64,
      72.378,
      73.302,
      74.07,
      74.694,
      75.362,
      75.892,
      76.458,
      76.986,
      77.472,
      78.036,
      78.086,
      78.678
    ],
    "test_loss": [
      1.6063541173934937,
      1.422987699508667,
      1.34260094165802,
      1.2005157470703125,
      1.1095304489135742,
      1.1091755628585815,
      0.9884123802185059,
      0.9601752161979675,
      0.9815511107444763,
      0.9181351661682129,
      0.8660008907318115,
      0.8724585175514221,
      0.8480413556098938,
      0.8263673186302185,
      0.809805691242218,
      0.8352169394493103,
      0.7762421369552612,
      0.7943952679634094,
      0.8235811591148376,
      0.7646297812461853,
      0.7528225183486938,
      0.7503063678741455,
      0.7867884039878845,
      0.7977935075759888
    ],
    "test_acc": [
      40.38,
      48.46,
      51.86,
      57.68,
      60.09,
      60.41,
      64.75,
      66.29,
      65.09,
      67.51,
      69.19,
      69.43,
      70.13,
      71.66,
      71.88,
      71.58,
      72.79,
      72.19,
      72.08,
      73.18,
      74.01,
      73.93,
      73.05,
      72.36
    ]
  }
}