{
  "config": {
    "run_name": "exp1_1",
    "out_dir": "./results",
    "seed": 42,
    "device": null,
    "bs_train": 128,
    "bs_test": 32,
    "batches": 100,
    "epochs": 100,
    "early_stopping": 3,
    "checkpoints": null,
    "lr": 0.001,
    "reg": 0.001,
    "filters_per_layer": [
      64
    ],
    "layers_per_block": 8,
    "pool_every": 25,
    "hidden_dims": [
      10
    ],
    "model_type": "cnn",
    "kw": {}
  },
  "results": {
    "num_epochs": 0,
    "train_loss": [
      2.002608299255371,
      1.6512088775634766,
      1.47245454788208,
      1.3595900535583496,
      1.2853660583496094,
      1.2263293266296387,
      1.1585111618041992,
      1.0713491439819336,
      1.023934006690979,
      0.9900370836257935,
      0.9455569386482239,
      0.9062677025794983,
      0.8775345087051392,
      0.8371286392211914,
      0.8238095045089722,
      0.7892196178436279,
      0.7541494965553284,
      0.7266799807548523
    ],
    "train_acc": [
      25.424,
      37.486,
      44.828,
      49.646,
      52.874,
      55.126,
      57.542,
      61.542,
      63.276,
      64.586,
      66.228,
      67.636,
      68.848,
      70.248,
      70.62,
      71.666,
      72.832,
      73.894
    ],
    "test_loss": [
      1.9004541635513306,
      1.5417629480361938,
      1.419511079788208,
      1.3243030309677124,
      1.2757041454315186,
      1.245345950126648,
      1.1796674728393555,
      1.1045795679092407,
      1.1400667428970337,
      1.0679242610931396,
      1.069467306137085,
      1.017064094543457,
      1.070621371269226,
      1.043128490447998,
      0.995782196521759,
      1.0487815141677856,
      1.01079523563385,
      1.0295414924621582
    ],
    "test_acc": [
      29.33,
      42.01,
      47.36,
      51.16,
      53.15,
      54.47,
      58.1,
      60.19,
      59.37,
      61.96,
      62.42,
      64.49,
      62.84,
      64.14,
      65.69,
      64.03,
      65.06,
      64.25
    ]
  }
}