{
  "config": {
    "run_name": "exp1_4",
    "out_dir": "./results",
    "seed": 42,
    "device": null,
    "bs_train": 128,
    "bs_test": 32,
    "batches": 100,
    "epochs": 100,
    "early_stopping": 3,
    "checkpoints": null,
    "lr": 0.001,
    "reg": 0.001,
    "filters_per_layer": [
      32
    ],
    "layers_per_block": 32,
    "pool_every": 9,
    "hidden_dims": [
      1024
    ],
    "model_type": "resnet",
    "kw": {}
  },
  "results": {
    "num_epochs": 0,
    "train_loss": [
      1.95014226436615,
      1.7514457702636719,
      1.711212396621704,
      1.6867789030075073,
      1.664717674255371,
      1.6448259353637695,
      1.6226327419281006,
      1.609433650970459,
      1.5979772806167603,
      1.5891170501708984,
      1.5865241289138794,
      1.5789601802825928,
      1.573756217956543,
      1.5663570165634155,
      1.5592875480651855,
      1.5585881471633911,
      1.5493298768997192,
      1.5462299585342407,
      1.5443387031555176,
      1.5366872549057007,
      1.534822702407837,
      1.531728744506836,
      1.52776038646698,
      1.5252732038497925,
      1.521135926246643,
      1.5164718627929688,
      1.5126135349273682,
      1.51597261428833,
      1.5093450546264648,
      1.5061429738998413,
      1.5088462829589844,
      1.5047749280929565,
      1.500603437423706,
      1.502734899520874,
      1.495509147644043
    ],
    "train_acc": [
      27.676,
      35.474,
      37.142,
      38.116,
      38.992,
      39.922,
      41.074,
      41.7,
      41.804,
      42.32,
      42.67,
      42.942,
      43.106,
      43.27,
      43.634,
      43.708,
      44.248,
      44.098,
      44.48,
      44.75,
      44.584,
      44.694,
      44.886,
      45.08,
      45.032,
      45.232,
      45.514,
      45.268,
      45.45,
      45.836,
      45.364,
      45.746,
      46.116,
      45.9,
      46.226
    ],
    "test_loss": [
      1.758375883102417,
      1.7144289016723633,
      1.7018401622772217,
      1.6558231115341187,
      1.6362531185150146,
      1.621330738067627,
      1.6160776615142822,
      1.5785890817642212,
      1.5691561698913574,
      1.573386549949646,
      1.5728211402893066,
      1.5582078695297241,
      1.564194679260254,
      1.5680747032165527,
      1.5448507070541382,
      1.5496618747711182,
      1.5493707656860352,
      1.5294934511184692,
      1.532315969467163,
      1.5430489778518677,
      1.522889494895935,
      1.5365045070648193,
      1.51591956615448,
      1.546704888343811,
      1.5051846504211426,
      1.5296947956085205,
      1.5177661180496216,
      1.5062271356582642,
      1.502555251121521,
      1.5187784433364868,
      1.4968544244766235,
      1.487436294555664,
      1.4988319873809814,
      1.4949356317520142,
      1.4945685863494873
    ],
    "test_acc": [
      34.7,
      36.69,
      36.98,
      38.81,
      40.6,
      40.5,
      41.46,
      42.74,
      42.81,
      42.78,
      43.23,
      43.08,
      43.46,
      42.91,
      43.64,
      43.51,
      43.82,
      44.71,
      44.03,
      43.8,
      45.01,
      44.34,
      45.72,
      44.58,
      45.86,
      45.34,
      45.1,
      46.11,
      45.82,
      45.2,
      46.32,
      46.49,
      46.03,
      46.11,
      45.66
    ]
  }
}