{
  "config": {
    "run_name": "exp1_2",
    "out_dir": "./results",
    "seed": 42,
    "device": null,
    "bs_train": 128,
    "bs_test": 32,
    "batches": 100,
    "epochs": 100,
    "early_stopping": 3,
    "checkpoints": null,
    "lr": 0.001,
    "reg": 0.001,
    "filters_per_layer": [
      128
    ],
    "layers_per_block": 8,
    "pool_every": 16,
    "hidden_dims": [
      1024
    ],
    "model_type": "cnn",
    "kw": {}
  },
  "results": {
    "num_epochs": 0,
    "train_loss": [
      1.9395784139633179,
      1.6017556190490723,
      1.4354767799377441,
      1.3059331178665161,
      1.1946337223052979,
      1.1269758939743042,
      1.0651932954788208,
      1.0115715265274048,
      0.9631211757659912,
      0.9143689274787903,
      0.8634787201881409,
      0.8163487911224365,
      0.7609283328056335,
      0.7092180252075195,
      0.6496725678443909,
      0.5873350501060486
    ],
    "train_acc": [
      27.488,
      41.822,
      47.684,
      52.648,
      57.07,
      59.666,
      62.03,
      63.992,
      65.774,
      67.172,
      69.23,
      70.868,
      72.996,
      74.476,
      76.59,
      79.022
    ],
    "test_loss": [
      1.6596306562423706,
      1.5139601230621338,
      1.410253643989563,
      1.2832989692687988,
      1.1881383657455444,
      1.1565754413604736,
      1.1519023180007935,
      1.1052238941192627,
      1.0865731239318848,
      1.0742764472961426,
      1.1275187730789185,
      1.1150277853012085,
      1.1318873167037964,
      1.175862193107605,
      1.1873502731323242,
      1.2569791078567505
    ],
    "test_acc": [
      39.01,
      44.96,
      48.09,
      53.52,
      57.31,
      58.45,
      58.7,
      60.39,
      61.61,
      61.91,
      60.69,
      61.11,
      62.35,
      60.81,
      60.14,
      60.32
    ]
  }
}