{
  "config": {
    "run_name": "exp1_2",
    "out_dir": "./results",
    "seed": 42,
    "device": null,
    "bs_train": 128,
    "bs_test": 32,
    "batches": 100,
    "epochs": 100,
    "early_stopping": 3,
    "checkpoints": null,
    "lr": 0.001,
    "reg": 0.001,
    "filters_per_layer": [
      128
    ],
    "layers_per_block": 4,
    "pool_every": 2,
    "hidden_dims": [
      1024
    ],
    "model_type": "cnn",
    "kw": {}
  },
  "results": {
    "num_epochs": 0,
    "train_loss": [
      1.7358288764953613,
      1.2837344408035278,
      1.1103630065917969,
      0.9969881772994995,
      0.9143367409706116,
      0.8296741843223572,
      0.7661219239234924,
      0.708527147769928,
      0.6582818627357483,
      0.6110813617706299,
      0.5778060555458069,
      0.5348514914512634,
      0.502916157245636,
      0.47330281138420105,
      0.4423362910747528,
      0.4111764430999756,
      0.3930872082710266,
      0.358991801738739
    ],
    "train_acc": [
      35.298,
      53.436,
      60.25,
      64.74,
      67.678,
      70.922,
      73.076,
      75.058,
      76.81,
      78.646,
      79.676,
      81.352,
      82.334,
      83.336,
      84.396,
      85.554,
      86.12,
      87.274
    ],
    "test_loss": [
      1.4415103197097778,
      1.1640387773513794,
      1.0941827297210693,
      0.9778206944465637,
      0.9519389867782593,
      0.8674414753913879,
      0.823337733745575,
      0.792848527431488,
      0.7805619239807129,
      0.7514756917953491,
      0.7031949758529663,
      0.7095091342926025,
      0.7237951755523682,
      0.7385997772216797,
      0.7185809016227722,
      0.7312415838241577,
      0.7408095598220825,
      0.7420357465744019
    ],
    "test_acc": [
      45.7,
      58.34,
      61.57,
      65.63,
      66.33,
      69.69,
      71.76,
      72.59,
      72.95,
      73.97,
      75.81,
      76.29,
      75.7,
      75.62,
      76.92,
      75.95,
      75.66,
      76.69
    ]
  }
}