{
  "config": {
    "run_name": "exp1_2",
    "out_dir": "./results",
    "seed": 42,
    "device": null,
    "bs_train": 128,
    "bs_test": 32,
    "batches": 100,
    "epochs": 100,
    "early_stopping": 3,
    "checkpoints": null,
    "lr": 0.001,
    "reg": 0.001,
    "filters_per_layer": [
      64
    ],
    "layers_per_block": 8,
    "pool_every": 3,
    "hidden_dims": [
      1024
    ],
    "model_type": "cnn",
    "kw": {}
  },
  "results": {
    "num_epochs": 0,
    "train_loss": [
      2.303032875061035,
      2.3027656078338623,
      2.302788019180298,
      2.302708387374878
    ],
    "train_acc": [
      10.066,
      9.766,
      9.672,
      9.778
    ],
    "test_loss": [
      2.302675724029541,
      2.302792549133301,
      2.302593469619751,
      2.3025894165039062
    ],
    "test_acc": [
      10.0,
      10.0,
      10.0,
      10.0
    ]
  }
}