{
  "config": {
    "run_name": "exp1_1",
    "out_dir": "./results",
    "seed": 42,
    "device": null,
    "bs_train": 128,
    "bs_test": 32,
    "batches": 100,
    "epochs": 100,
    "early_stopping": 3,
    "checkpoints": null,
    "lr": 0.001,
    "reg": 0.001,
    "filters_per_layer": [
      32
    ],
    "layers_per_block": 4,
    "pool_every": 2,
    "hidden_dims": [
      1024
    ],
    "model_type": "cnn",
    "kw": {}
  },
  "results": {
    "num_epochs": 0,
    "train_loss": [
      1.8196274042129517,
      1.4004813432693481,
      1.2134778499603271,
      1.0915296077728271,
      1.0067121982574463,
      0.9457352757453918,
      0.8930278420448303,
      0.8378280401229858,
      0.791688084602356,
      0.7476655840873718,
      0.7061933279037476,
      0.6733739376068115,
      0.6469018459320068,
      0.6160930395126343,
      0.5916178226470947,
      0.5647172927856445,
      0.5404496192932129,
      0.5190329551696777,
      0.48420989513397217,
      0.4670139253139496
    ],
    "train_acc": [
      31.478,
      49.216,
      56.558,
      61.162,
      64.266,
      66.622,
      68.488,
      70.524,
      72.266,
      73.696,
      75.138,
      76.376,
      77.29,
      78.414,
      79.318,
      80.284,
      81.08,
      81.94,
      83.102,
      83.554
    ],
    "test_loss": [
      1.5337893962860107,
      1.2641136646270752,
      1.149787187576294,
      1.0483657121658325,
      1.0655899047851562,
      0.9580637812614441,
      0.9033103585243225,
      0.8942016959190369,
      0.8418025970458984,
      0.8241342306137085,
      0.7838557362556458,
      0.8233588933944702,
      0.7633770704269409,
      0.7636021375656128,
      0.7617279887199402,
      0.7352014183998108,
      0.7167950868606567,
      0.7303630709648132,
      0.7392851710319519,
      0.7411962151527405
    ],
    "test_acc": [
      43.88,
      54.38,
      58.18,
      62.65,
      62.56,
      65.91,
      68.12,
      68.73,
      70.54,
      71.51,
      72.46,
      71.63,
      73.54,
      73.75,
      73.99,
      74.85,
      75.89,
      75.36,
      75.51,
      75.26
    ]
  }
}