{
  "config": {
    "run_name": "exp1_4",
    "out_dir": "./results",
    "seed": 1515875059,
    "device": null,
    "bs_train": 128,
    "bs_test": 32,
    "batches": 100,
    "epochs": 100,
    "early_stopping": 3,
    "checkpoints": null,
    "lr": 0.001,
    "reg": 0.001,
    "filters_per_layer": [
      64,
      128,
      256
    ],
    "layers_per_block": 2,
    "pool_every": 2,
    "hidden_dims": [
      100
    ],
    "model_type": "resnet",
    "kw": {}
  },
  "results": {
    "num_epochs": 0,
    "train_loss": [
      1.7557636499404907,
      1.3263498544692993,
      1.1220794916152954,
      0.9809876084327698,
      0.8758466839790344,
      0.7839798927307129,
      0.7176510691642761,
      0.6566039323806763,
      0.6179607510566711,
      0.5587105751037598,
      0.5267252922058105,
      0.4904196262359619,
      0.46428200602531433,
      0.4237368106842041,
      0.4014241099357605,
      0.37181246280670166,
      0.347499281167984,
      0.3223661184310913,
      0.29994311928749084,
      0.27626028656959534,
      0.2610227167606354,
      0.2459903359413147
    ],
    "train_acc": [
      34.654,
      51.466,
      59.872,
      65.174,
      68.942,
      72.388,
      74.87,
      76.834,
      78.366,
      80.396,
      81.45,
      82.754,
      83.732,
      85.296,
      85.794,
      86.96,
      87.856,
      88.684,
      89.548,
      90.22,
      90.838,
      91.28
    ],
    "test_loss": [
      1.4680031538009644,
      1.2000149488449097,
      1.0232669115066528,
      0.9376740455627441,
      0.857307493686676,
      0.8001537919044495,
      0.8306007981300354,
      0.7435071468353271,
      0.699688732624054,
      0.7141684293746948,
      0.7382937669754028,
      0.7023872137069702,
      0.6964197754859924,
      0.6770980954170227,
      0.6929731369018555,
      0.7191738486289978,
      0.7020533084869385,
      0.6889774203300476,
      0.6655340790748596,
      0.7131356596946716,
      0.7663135528564453,
      0.788209855556488
    ],
    "test_acc": [
      44.94,
      56.57,
      63.81,
      66.3,
      69.53,
      72.16,
      71.12,
      74.11,
      76.21,
      75.47,
      75.05,
      76.45,
      76.42,
      77.83,
      77.46,
      77.62,
      78.36,
      78.8,
      78.83,
      77.93,
      76.98,
      77.4
    ]
  }
}