{
  "config": {
    "run_name": "exp1_2",
    "out_dir": "./results",
    "seed": 42,
    "device": null,
    "bs_train": 128,
    "bs_test": 32,
    "batches": 100,
    "epochs": 100,
    "early_stopping": 3,
    "checkpoints": null,
    "lr": 0.001,
    "reg": 0.001,
    "filters_per_layer": [
      64
    ],
    "layers_per_block": 2,
    "pool_every": 1,
    "hidden_dims": [
      1024
    ],
    "model_type": "cnn",
    "kw": {}
  },
  "results": {
    "num_epochs": 0,
    "train_loss": [
      1.5620697736740112,
      1.2355666160583496,
      1.0898768901824951,
      1.0052176713943481,
      0.9423906803131104,
      0.885959804058075,
      0.8406720757484436,
      0.8061363101005554,
      0.7708442807197571,
      0.7394895553588867,
      0.7181576490402222,
      0.6950794458389282,
      0.6652206182479858,
      0.6448011994361877,
      0.6277174353599548,
      0.6079185009002686,
      0.5900802612304688,
      0.574994683265686,
      0.5575128793716431,
      0.5353230834007263,
      0.525607168674469,
      0.5114332437515259,
      0.4976883828639984,
      0.48078322410583496,
      0.4718536138534546
    ],
    "train_acc": [
      43.168,
      55.752,
      61.408,
      64.63,
      66.9,
      69.176,
      70.594,
      71.886,
      73.232,
      74.34,
      75.118,
      75.872,
      76.802,
      77.6,
      78.26,
      78.856,
      79.61,
      79.98,
      80.636,
      81.586,
      82.022,
      82.528,
      82.972,
      83.728,
      83.882
    ],
    "test_loss": [
      1.30167818069458,
      1.1508381366729736,
      1.0631167888641357,
      0.9925011396408081,
      0.9352995753288269,
      0.8822937607765198,
      0.9160594940185547,
      0.8409429788589478,
      0.8746662139892578,
      0.8250936269760132,
      0.8046333193778992,
      0.8327799439430237,
      0.7833916544914246,
      0.7794743180274963,
      0.8083828091621399,
      0.7611996531486511,
      0.7200040817260742,
      0.7581750154495239,
      0.731834888458252,
      0.7579852342605591,
      0.7552684545516968,
      0.7282101511955261,
      0.7668069005012512,
      0.7281520962715149,
      0.7311723232269287
    ],
    "test_acc": [
      52.72,
      59.36,
      62.09,
      65.09,
      67.25,
      69.58,
      68.48,
      71.1,
      69.95,
      71.36,
      71.79,
      71.31,
      73.03,
      72.88,
      72.3,
      73.63,
      75.09,
      73.44,
      75.17,
      74.76,
      74.22,
      75.35,
      74.19,
      75.33,
      75.32
    ]
  }
}