{
  "config": {
    "run_name": "exp1_2",
    "out_dir": "./results",
    "seed": 42,
    "device": null,
    "bs_train": 128,
    "bs_test": 32,
    "batches": 100,
    "epochs": 100,
    "early_stopping": 3,
    "checkpoints": null,
    "lr": 0.001,
    "reg": 0.001,
    "filters_per_layer": [
      32
    ],
    "layers_per_block": 8,
    "pool_every": 3,
    "hidden_dims": [
      1024
    ],
    "model_type": "cnn",
    "kw": {}
  },
  "results": {
    "num_epochs": 0,
    "train_loss": [
      2.303210973739624,
      2.3027842044830322,
      2.302689790725708,
      2.3027100563049316
    ],
    "train_acc": [
      10.218,
      9.678,
      9.902,
      9.834
    ],
    "test_loss": [
      2.302677869796753,
      2.3025963306427,
      2.302600860595703,
      2.3025951385498047
    ],
    "test_acc": [
      10.0,
      10.0,
      10.0,
      10.0
    ]
  }
}