{
  "config": {
    "run_name": "exp1_2",
    "out_dir": "./results",
    "seed": 42,
    "device": null,
    "bs_train": 128,
    "bs_test": 32,
    "batches": 100,
    "epochs": 100,
    "early_stopping": 3,
    "checkpoints": null,
    "lr": 0.001,
    "reg": 0.001,
    "filters_per_layer": [
      32
    ],
    "layers_per_block": 2,
    "pool_every": 1,
    "hidden_dims": [
      1024
    ],
    "model_type": "cnn",
    "kw": {}
  },
  "results": {
    "num_epochs": 0,
    "train_loss": [
      1.614500880241394,
      1.2909300327301025,
      1.1752068996429443,
      1.0994032621383667,
      1.041380763053894,
      1.0005959272384644,
      0.9582244753837585,
      0.9292776584625244,
      0.9020413756370544,
      0.8709286451339722,
      0.844791829586029,
      0.8216202259063721,
      0.7965498566627502
    ],
    "train_acc": [
      40.382,
      53.68,
      58.14,
      61.204,
      63.46,
      64.804,
      66.692,
      67.64,
      68.526,
      69.848,
      70.536,
      71.332,
      72.406
    ],
    "test_loss": [
      1.344448208808899,
      1.2239985466003418,
      1.1220871210098267,
      1.080994963645935,
      1.0193978548049927,
      1.0228444337844849,
      0.9766875505447388,
      0.9466660022735596,
      0.9311933517456055,
      0.8839074969291687,
      0.952315628528595,
      0.8794788718223572,
      0.8750839233398438
    ],
    "test_acc": [
      52.05,
      56.03,
      60.09,
      62.14,
      64.78,
      64.21,
      66.45,
      67.59,
      67.76,
      69.83,
      66.75,
      69.44,
      69.67
    ]
  }
}