{
  "config": {
    "run_name": "exp1_2",
    "out_dir": "./results",
    "seed": 42,
    "device": null,
    "bs_train": 128,
    "bs_test": 32,
    "batches": 100,
    "epochs": 100,
    "early_stopping": 3,
    "checkpoints": null,
    "lr": 0.001,
    "reg": 0.001,
    "filters_per_layer": [
      64
    ],
    "layers_per_block": 4,
    "pool_every": 2,
    "hidden_dims": [
      1024
    ],
    "model_type": "cnn",
    "kw": {}
  },
  "results": {
    "num_epochs": 0,
    "train_loss": [
      1.7015089988708496,
      1.2659223079681396,
      1.0803964138031006,
      0.9603276252746582,
      0.8708927035331726,
      0.7980897426605225,
      0.7371404767036438,
      0.6832688450813293,
      0.6417818069458008,
      0.6040786504745483,
      0.565497875213623,
      0.5446708798408508,
      0.5137006044387817,
      0.4819803833961487,
      0.4505973756313324
    ],
    "train_acc": [
      36.236,
      54.21,
      61.528,
      66.022,
      69.068,
      71.792,
      74.08,
      76.088,
      77.418,
      78.79,
      80.038,
      80.836,
      81.86,
      83.1,
      84.26
    ],
    "test_loss": [
      1.382871150970459,
      1.1660315990447998,
      1.0620019435882568,
      1.01947021484375,
      0.8783748745918274,
      0.8299402594566345,
      0.78011155128479,
      0.7636874318122864,
      0.7308492064476013,
      0.713885486125946,
      0.6854379773139954,
      0.6746076345443726,
      0.7017311453819275,
      0.6836701035499573,
      0.7007035613059998
    ],
    "test_acc": [
      49.1,
      58.35,
      62.57,
      64.06,
      69.28,
      70.72,
      73.11,
      72.78,
      74.74,
      75.4,
      76.32,
      76.92,
      75.97,
      76.61,
      76.74
    ]
  }
}