{
  "config": {
    "run_name": "exp1_3",
    "out_dir": "./results",
    "seed": 42,
    "device": null,
    "bs_train": 128,
    "bs_test": 32,
    "batches": 100,
    "epochs": 100,
    "early_stopping": 3,
    "checkpoints": null,
    "lr": 0.001,
    "reg": 0.001,
    "filters_per_layer": [
      64,
      128
    ],
    "layers_per_block": 3,
    "pool_every": 16,
    "hidden_dims": [
      1024
    ],
    "model_type": "cnn",
    "kw": {}
  },
  "results": {
    "num_epochs": 0,
    "train_loss": [
      1.6932867765426636,
      1.3090888261795044,
      1.1596449613571167,
      1.0607059001922607,
      0.9804344773292542,
      0.9139981865882874,
      0.853683352470398,
      0.812484860420227,
      0.7605211138725281,
      0.7075182199478149,
      0.6574903726577759,
      0.608319878578186,
      0.5560989379882812,
      0.5035027265548706,
      0.4530965983867645
    ],
    "train_acc": [
      38.02,
      52.598,
      58.036,
      62.016,
      65.14,
      67.284,
      69.598,
      71.074,
      72.992,
      74.804,
      76.472,
      78.294,
      80.09,
      82.092,
      83.648
    ],
    "test_loss": [
      1.3900671005249023,
      1.3062437772750854,
      1.2090554237365723,
      1.0719164609909058,
      1.0021898746490479,
      0.9651380777359009,
      0.9182074069976807,
      0.9019608497619629,
      0.9240361452102661,
      0.9009674191474915,
      0.8832505345344543,
      0.8960632681846619,
      0.945673406124115,
      0.9477928876876831,
      1.0238531827926636
    ],
    "test_acc": [
      49.01,
      52.1,
      57.04,
      61.12,
      63.88,
      65.34,
      67.62,
      68.08,
      68.01,
      67.82,
      68.8,
      69.76,
      68.59,
      69.28,
      68.3
    ]
  }
}