{
  "config": {
    "run_name": "exp1_3",
    "out_dir": "./results",
    "seed": 42,
    "device": null,
    "bs_train": 128,
    "bs_test": 32,
    "batches": 100,
    "epochs": 100,
    "early_stopping": 3,
    "checkpoints": null,
    "lr": 0.001,
    "reg": 0.001,
    "filters_per_layer": [
      64,
      128
    ],
    "layers_per_block": 4,
    "pool_every": 16,
    "hidden_dims": [
      1024
    ],
    "model_type": "cnn",
    "kw": {}
  },
  "results": {
    "num_epochs": 0,
    "train_loss": [
      1.8390275239944458,
      1.479641079902649,
      1.2952109575271606,
      1.1552757024765015,
      1.0622082948684692,
      0.9723993539810181,
      0.912289023399353,
      0.8498063683509827,
      0.7882521152496338,
      0.7311530709266663,
      0.6720817685127258,
      0.607012927532196,
      0.5510172247886658,
      0.48655328154563904
    ],
    "train_acc": [
      32.462,
      45.638,
      53.026,
      58.512,
      62.138,
      65.164,
      67.552,
      69.588,
      71.894,
      73.79,
      75.832,
      78.268,
      80.114,
      82.594
    ],
    "test_loss": [
      1.5870102643966675,
      1.3310905694961548,
      1.2037866115570068,
      1.1075074672698975,
      1.0798382759094238,
      1.030523419380188,
      0.9956409335136414,
      0.9853538870811462,
      0.9793347120285034,
      0.9987850189208984,
      0.976648211479187,
      1.0099469423294067,
      1.1949845552444458,
      1.1284434795379639
    ],
    "test_acc": [
      41.68,
      51.14,
      56.5,
      59.81,
      61.2,
      62.66,
      64.35,
      64.61,
      65.13,
      65.09,
      66.44,
      66.0,
      62.37,
      64.54
    ]
  }
}