{
  "config": {
    "run_name": "exp1_1",
    "out_dir": "./results",
    "seed": 42,
    "device": null,
    "bs_train": 128,
    "bs_test": 32,
    "batches": 100,
    "epochs": 100,
    "early_stopping": 3,
    "checkpoints": null,
    "lr": 0.001,
    "reg": 0.001,
    "filters_per_layer": [
      64
    ],
    "layers_per_block": 2,
    "pool_every": 1,
    "hidden_dims": [
      1024
    ],
    "model_type": "cnn",
    "kw": {}
  },
  "results": {
    "num_epochs": 0,
    "train_loss": [
      1.5621548891067505,
      1.2309132814407349,
      1.085029125213623,
      1.0002071857452393,
      0.9384204149246216,
      0.8818210363388062,
      0.8366933465003967,
      0.8001416921615601,
      0.7663435935974121,
      0.7337476015090942,
      0.7101249098777771,
      0.6882787942886353,
      0.6559363603591919,
      0.6398577094078064,
      0.6207692623138428,
      0.6032595634460449,
      0.5871856808662415,
      0.5736567378044128,
      0.5517066717147827,
      0.5329497456550598
    ],
    "train_acc": [
      43.082,
      55.962,
      61.57,
      64.668,
      67.1,
      69.358,
      70.842,
      72.292,
      73.346,
      74.324,
      75.206,
      76.012,
      77.19,
      77.698,
      78.444,
      78.964,
      79.646,
      80.13,
      80.912,
      81.664
    ],
    "test_loss": [
      1.303254246711731,
      1.1365622282028198,
      1.0558899641036987,
      0.9875479340553284,
      0.9337876439094543,
      0.8842924237251282,
      0.8992509245872498,
      0.8259850740432739,
      0.8384504318237305,
      0.8224289417266846,
      0.8101410269737244,
      0.8218779563903809,
      0.7778093814849854,
      0.7874441146850586,
      0.7842165231704712,
      0.7464664578437805,
      0.7248703241348267,
      0.7450716495513916,
      0.7349787950515747,
      0.756218671798706
    ],
    "test_acc": [
      52.56,
      59.82,
      62.06,
      65.33,
      67.38,
      69.8,
      69.06,
      71.69,
      71.27,
      71.5,
      71.95,
      71.73,
      73.31,
      72.61,
      72.73,
      74.21,
      74.82,
      73.65,
      74.67,
      74.73
    ]
  }
}