{
  "config": {
    "run_name": "exp1_2",
    "out_dir": "./results",
    "seed": 42,
    "device": null,
    "bs_train": 128,
    "bs_test": 32,
    "batches": 100,
    "epochs": 100,
    "early_stopping": 3,
    "checkpoints": null,
    "lr": 0.001,
    "reg": 0.001,
    "filters_per_layer": [
      128
    ],
    "layers_per_block": 2,
    "pool_every": 1,
    "hidden_dims": [
      1024
    ],
    "model_type": "cnn",
    "kw": {}
  },
  "results": {
    "num_epochs": 0,
    "train_loss": [
      1.5349868535995483,
      1.1724859476089478,
      1.0450352430343628,
      0.9482128620147705,
      0.8835596442222595,
      0.8310345411300659,
      0.7884135246276855,
      0.7452982664108276,
      0.7209351062774658,
      0.6916855573654175,
      0.6680546998977661,
      0.6431878209114075,
      0.6236556768417358
    ],
    "train_acc": [
      43.712,
      58.118,
      63.114,
      66.82,
      69.104,
      71.036,
      72.502,
      74.036,
      74.958,
      76.034,
      76.722,
      77.724,
      78.31
    ],
    "test_loss": [
      1.2447983026504517,
      1.0959992408752441,
      1.0404988527297974,
      0.938584566116333,
      0.8800193071365356,
      0.8698103427886963,
      0.8348552584648132,
      0.8166874051094055,
      0.8053568005561829,
      0.8008674383163452,
      0.8061230778694153,
      0.8866154551506042,
      0.8216612935066223
    ],
    "test_acc": [
      55.75,
      60.7,
      63.15,
      67.49,
      69.64,
      69.84,
      70.72,
      72.05,
      72.08,
      72.49,
      72.37,
      69.53,
      72.26
    ]
  }
}