{
  "config": {
    "run_name": "exp1_3",
    "out_dir": "./results",
    "seed": 42,
    "device": null,
    "bs_train": 128,
    "bs_test": 32,
    "batches": 100,
    "epochs": 100,
    "early_stopping": 3,
    "checkpoints": null,
    "lr": 0.001,
    "reg": 0.001,
    "filters_per_layer": [
      64,
      128
    ],
    "layers_per_block": 4,
    "pool_every": 3,
    "hidden_dims": [
      1024
    ],
    "model_type": "cnn",
    "kw": {}
  },
  "results": {
    "num_epochs": 0,
    "train_loss": [
      2.30290150642395,
      2.302726984024048,
      2.302717447280884,
      2.3027193546295166
    ],
    "train_acc": [
      9.968,
      9.976,
      9.73,
      9.59
    ],
    "test_loss": [
      2.302643060684204,
      2.3025906085968018,
      2.3025906085968018,
      2.3025906085968018
    ],
    "test_acc": [
      10.0,
      10.0,
      10.0,
      10.0
    ]
  }
}