{
  "config": {
    "run_name": "exp1_4",
    "out_dir": "./results",
    "seed": 1863412937,
    "device": null,
    "bs_train": 128,
    "bs_test": 32,
    "batches": 100,
    "epochs": 100,
    "early_stopping": 3,
    "checkpoints": null,
    "lr": 0.001,
    "reg": 0.001,
    "filters_per_layer": [
      64,
      128,
      256
    ],
    "layers_per_block": 8,
    "pool_every": 7,
    "hidden_dims": [
      100
    ],
    "model_type": "resnet",
    "kw": {}
  },
  "results": {
    "num_epochs": 0,
    "train_loss": [
      2.0047874450683594,
      1.7096314430236816,
      1.610538125038147,
      1.5465048551559448,
      1.5025207996368408,
      1.4727600812911987,
      1.439740538597107,
      1.415329098701477,
      1.3987784385681152,
      1.375085711479187,
      1.3526051044464111,
      1.3307219743728638,
      1.3150988817214966,
      1.3023916482925415,
      1.2923076152801514,
      1.2784138917922974,
      1.2628436088562012,
      1.2396059036254883,
      1.235006332397461,
      1.2227579355239868,
      1.212707757949829,
      1.2014073133468628,
      1.1905606985092163,
      1.1836345195770264,
      1.1778662204742432,
      1.1718355417251587,
      1.1587876081466675,
      1.1564126014709473,
      1.1432486772537231,
      1.1368106603622437,
      1.1415421962738037,
      1.1216422319412231,
      1.1198506355285645,
      1.1151682138442993
    ],
    "train_acc": [
      24.62,
      36.836,
      40.844,
      43.618,
      45.212,
      46.42,
      47.598,
      48.608,
      49.364,
      50.274,
      51.242,
      51.958,
      52.436,
      53.184,
      53.388,
      54.112,
      54.652,
      55.472,
      55.686,
      56.092,
      56.648,
      56.8,
      57.244,
      57.696,
      57.986,
      58.008,
      58.668,
      58.614,
      59.322,
      59.556,
      59.182,
      60.076,
      59.994,
      60.24
    ],
    "test_loss": [
      1.8655500411987305,
      1.6651360988616943,
      1.5862553119659424,
      1.5358860492706299,
      1.4604852199554443,
      1.4473457336425781,
      1.4433696269989014,
      1.4095076322555542,
      1.3722127676010132,
      1.371503472328186,
      1.352515459060669,
      1.3554046154022217,
      1.3228477239608765,
      1.3280880451202393,
      1.3041657209396362,
      1.2698525190353394,
      1.309862732887268,
      1.2465063333511353,
      1.2501205205917358,
      1.2319341897964478,
      1.2480838298797607,
      1.2255833148956299,
      1.227376103401184,
      1.2403795719146729,
      1.192993402481079,
      1.1927380561828613,
      1.211105227470398,
      1.166517972946167,
      1.1915545463562012,
      1.1829675436019897,
      1.1530756950378418,
      1.1867833137512207,
      1.162273645401001,
      1.183112621307373
    ],
    "test_acc": [
      30.69,
      38.53,
      41.94,
      43.44,
      47.25,
      47.92,
      47.72,
      48.83,
      50.84,
      50.51,
      51.76,
      50.7,
      51.66,
      52.37,
      53.11,
      54.19,
      52.85,
      55.62,
      55.79,
      55.8,
      55.98,
      56.7,
      56.23,
      55.36,
      58.01,
      57.28,
      55.6,
      58.19,
      57.21,
      57.57,
      58.94,
      57.72,
      58.74,
      57.73
    ]
  }
}