{
  "config": {
    "run_name": "exp1_1",
    "out_dir": "./results",
    "seed": 42,
    "device": null,
    "bs_train": 128,
    "bs_test": 32,
    "batches": 100,
    "epochs": 100,
    "early_stopping": 3,
    "checkpoints": null,
    "lr": 0.001,
    "reg": 0.001,
    "filters_per_layer": [
      32
    ],
    "layers_per_block": 8,
    "pool_every": 16,
    "hidden_dims": [
      1024
    ],
    "model_type": "cnn",
    "kw": {}
  },
  "results": {
    "num_epochs": 0,
    "train_loss": [
      1.9296022653579712,
      1.5960848331451416,
      1.44123375415802,
      1.3217252492904663,
      1.2104324102401733,
      1.1222463846206665,
      1.050979495048523,
      0.9835208058357239,
      0.9172242283821106,
      0.8402805924415588,
      0.7759894728660583,
      0.6928532719612122,
      0.6282821893692017
    ],
    "train_acc": [
      28.896,
      42.226,
      47.976,
      52.238,
      56.766,
      59.824,
      62.308,
      64.726,
      67.348,
      69.866,
      72.328,
      75.124,
      77.508
    ],
    "test_loss": [
      1.68309485912323,
      1.4981892108917236,
      1.4112390279769897,
      1.2903200387954712,
      1.2674567699432373,
      1.19368314743042,
      1.1691317558288574,
      1.2035000324249268,
      1.187978744506836,
      1.1874427795410156,
      1.285190463066101,
      1.3026294708251953,
      1.375614881515503
    ],
    "test_acc": [
      39.82,
      45.38,
      49.36,
      53.28,
      54.13,
      56.81,
      57.67,
      57.45,
      57.82,
      58.44,
      57.64,
      57.77,
      56.07
    ]
  }
}