{
  "config": {
    "run_name": "exp1_2",
    "out_dir": "./results",
    "seed": 42,
    "device": null,
    "bs_train": 128,
    "bs_test": 32,
    "batches": 100,
    "epochs": 100,
    "early_stopping": 3,
    "checkpoints": null,
    "lr": 0.001,
    "reg": 0.001,
    "filters_per_layer": [
      32
    ],
    "layers_per_block": 4,
    "pool_every": 2,
    "hidden_dims": [
      1024
    ],
    "model_type": "cnn",
    "kw": {}
  },
  "results": {
    "num_epochs": 0,
    "train_loss": [
      1.806915044784546,
      1.393847107887268,
      1.2161403894424438,
      1.0965567827224731,
      1.0071038007736206,
      0.9377848505973816,
      0.877620279788971,
      0.8190881013870239,
      0.7752214074134827,
      0.7371184825897217,
      0.6951025128364563,
      0.6633254885673523,
      0.6341963410377502,
      0.6065059304237366,
      0.579887866973877,
      0.5551320314407349,
      0.526577353477478,
      0.5075986385345459,
      0.4792371094226837,
      0.45523276925086975,
      0.43117016553878784,
      0.4109690189361572,
      0.39009717106819153
    ],
    "train_acc": [
      31.984,
      49.424,
      56.408,
      60.788,
      64.162,
      66.98,
      69.082,
      71.014,
      72.804,
      74.018,
      75.516,
      76.986,
      77.788,
      78.724,
      79.754,
      80.288,
      81.716,
      82.316,
      83.104,
      83.894,
      84.938,
      85.352,
      86.312
    ],
    "test_loss": [
      1.5303667783737183,
      1.2693092823028564,
      1.1383254528045654,
      1.0783933401107788,
      1.043468952178955,
      0.9320254325866699,
      0.9010451436042786,
      0.8634929060935974,
      0.8319669961929321,
      0.8090312480926514,
      0.7942398190498352,
      0.8152063488960266,
      0.7864282131195068,
      0.7601739168167114,
      0.7473834156990051,
      0.719150960445404,
      0.7379410862922668,
      0.7374141216278076,
      0.7403215765953064,
      0.7165161371231079,
      0.780785858631134,
      0.7439109683036804,
      0.7498231530189514
    ],
    "test_acc": [
      44.12,
      53.81,
      58.63,
      62.05,
      63.43,
      67.49,
      68.17,
      70.2,
      71.25,
      71.89,
      72.63,
      72.23,
      72.78,
      74.11,
      74.85,
      75.36,
      75.59,
      75.29,
      75.88,
      76.37,
      74.88,
      76.35,
      75.47
    ]
  }
}