{
  "config": {
    "run_name": "exp1_3",
    "out_dir": "./results",
    "seed": 42,
    "device": null,
    "bs_train": 128,
    "bs_test": 32,
    "batches": 100,
    "epochs": 100,
    "early_stopping": 3,
    "checkpoints": null,
    "lr": 0.001,
    "reg": 0.001,
    "filters_per_layer": [
      64,
      128
    ],
    "layers_per_block": 2,
    "pool_every": 2,
    "hidden_dims": [
      1024
    ],
    "model_type": "cnn",
    "kw": {}
  },
  "results": {
    "num_epochs": 0,
    "train_loss": [
      1.6457304954528809,
      1.1910597085952759,
      0.989569902420044,
      0.877524733543396,
      0.7762821912765503,
      0.7025622725486755,
      0.637847900390625,
      0.5879763960838318,
      0.5451838374137878,
      0.5000250935554504,
      0.46191689372062683,
      0.4266958236694336,
      0.39681971073150635,
      0.368600994348526
    ],
    "train_acc": [
      38.596,
      57.348,
      64.974,
      69.252,
      73.0,
      75.532,
      77.644,
      79.702,
      80.934,
      82.506,
      83.624,
      84.918,
      86.016,
      87.022
    ],
    "test_loss": [
      1.3256500959396362,
      1.1036947965621948,
      0.9482293725013733,
      0.916825532913208,
      0.8261146545410156,
      0.7821016907691956,
      0.6873506903648376,
      0.693382740020752,
      0.693692147731781,
      0.6353206634521484,
      0.629327118396759,
      0.64195716381073,
      0.6921380162239075,
      0.6487845182418823
    ],
    "test_acc": [
      51.67,
      59.77,
      67.0,
      68.29,
      71.67,
      73.41,
      76.57,
      76.41,
      76.04,
      78.47,
      78.87,
      78.37,
      77.41,
      78.64
    ]
  }
}