{
  "config": {
    "run_name": "exp1_4",
    "out_dir": "./results",
    "seed": 338644221,
    "device": null,
    "bs_train": 128,
    "bs_test": 32,
    "batches": 100,
    "epochs": 100,
    "early_stopping": 3,
    "checkpoints": null,
    "lr": 0.001,
    "reg": 0.001,
    "filters_per_layer": [
      64,
      128,
      256
    ],
    "layers_per_block": 4,
    "pool_every": 4,
    "hidden_dims": [
      100
    ],
    "model_type": "resnet",
    "kw": {}
  },
  "results": {
    "num_epochs": 0,
    "train_loss": [
      1.9684932231903076,
      1.6457388401031494,
      1.477713704109192,
      1.3566001653671265,
      1.2585419416427612,
      1.1746772527694702,
      1.0792872905731201,
      1.0066527128219604,
      0.9343515038490295,
      0.8770872950553894,
      0.8115249276161194,
      0.7651959657669067,
      0.7147092819213867,
      0.6844912171363831,
      0.6493284106254578,
      0.6232233643531799,
      0.5873621702194214,
      0.565074622631073,
      0.5476039052009583,
      0.5202361941337585,
      0.5061680674552917,
      0.4796402156352997,
      0.46345776319503784,
      0.44526207447052
    ],
    "train_acc": [
      26.26,
      38.634,
      45.79,
      50.618,
      54.442,
      57.778,
      61.5,
      64.378,
      67.032,
      69.236,
      71.486,
      73.144,
      75.114,
      76.042,
      77.324,
      78.14,
      79.438,
      80.4,
      80.824,
      81.78,
      82.168,
      83.096,
      83.644,
      84.214
    ],
    "test_loss": [
      1.8147963285446167,
      1.5388070344924927,
      1.4756721258163452,
      1.3436987400054932,
      1.2038803100585938,
      1.173766851425171,
      1.162909746170044,
      1.0341697931289673,
      0.9952294826507568,
      0.9149413704872131,
      0.9051232933998108,
      0.8341963291168213,
      0.9188002943992615,
      0.8470969796180725,
      0.7913762331008911,
      0.7750560641288757,
      0.7900586128234863,
      0.8040519952774048,
      0.7651493549346924,
      0.766018271446228,
      0.7251204252243042,
      0.7928879857063293,
      0.7415764331817627,
      0.7727412581443787
    ],
    "test_acc": [
      34.04,
      43.45,
      46.86,
      52.03,
      56.6,
      58.39,
      58.84,
      63.77,
      64.85,
      68.02,
      68.88,
      70.79,
      67.88,
      71.25,
      72.74,
      73.66,
      73.36,
      73.43,
      74.47,
      74.48,
      75.96,
      74.71,
      75.91,
      75.56
    ]
  }
}