{
  "config": {
    "run_name": "exp1_3",
    "out_dir": "./results",
    "seed": 42,
    "device": null,
    "bs_train": 128,
    "bs_test": 32,
    "batches": 100,
    "epochs": 100,
    "early_stopping": 3,
    "checkpoints": null,
    "lr": 0.001,
    "reg": 0.001,
    "filters_per_layer": [
      64,
      128
    ],
    "layers_per_block": 2,
    "pool_every": 16,
    "hidden_dims": [
      1024
    ],
    "model_type": "cnn",
    "kw": {}
  },
  "results": {
    "num_epochs": 0,
    "train_loss": [
      1.6705973148345947,
      1.3365719318389893,
      1.1659393310546875,
      1.06936776638031,
      0.9831066727638245,
      0.9204861521720886,
      0.8551812171936035,
      0.8058969378471375,
      0.7510053515434265,
      0.6952201128005981,
      0.6506555080413818,
      0.6010147929191589
    ],
    "train_acc": [
      39.582,
      51.824,
      58.1,
      61.724,
      64.932,
      67.22,
      69.826,
      71.704,
      73.352,
      75.428,
      77.152,
      78.714
    ],
    "test_loss": [
      1.3961032629013062,
      1.228790521621704,
      1.1430360078811646,
      1.0940799713134766,
      1.0383695363998413,
      0.9793448448181152,
      0.9540198445320129,
      0.9242514371871948,
      0.9029897451400757,
      0.9376227259635925,
      1.0287185907363892,
      0.968328595161438
    ],
    "test_acc": [
      48.84,
      55.88,
      59.6,
      60.72,
      63.19,
      65.35,
      66.72,
      67.57,
      67.69,
      67.35,
      65.58,
      67.42
    ]
  }
}